行号,键名,原文,原译名,现译名
4,tile.thebetweenlands.arrow_arum.name,Arrow Arum,茯苓,箭南星
7,tile.thebetweenlands.blue_iris.name,Blue Iris,蓝鸢尾花,蓝色鸢尾花
8,tile.thebetweenlands.marsh_hibiscus.name,Marsh Hibiscus,沼泽木槿,湿地木槿
16,tile.thebetweenlands.boneset.name,Boneset,兰草,贯叶泽兰
17,tile.thebetweenlands.marsh_marigold_stalk.name,Marsh Marigold Stalk,沼泽金盏花茎,湿地金盏花茎
18,tile.thebetweenlands.marsh_marigold_flower.name,Marsh Marigold Flower,沼泽金盏花,湿地金盏花
19,tile.thebetweenlands.golden_club_stalk.name,Golden Club Stalk,奥昂蒂茎,金棒芋茎
20,tile.thebetweenlands.golden_club_flower.name,Golden Club Flower,奥昂蒂,金棒芋花
22,tile.thebetweenlands.bog_bean_flower.name,Bog Bean Flower,沼泽豆,沼泽豆花
24,tile.thebetweenlands.bladderwort_flower.name,Bladderwort Flower,狸藻,狸藻花
25,tile.thebetweenlands.marsh_mallow.name,Marsh Mallow,沼泽锦葵,湿地锦葵
27,tile.thebetweenlands.sludgecreep.name,Sludgecreep,泥藤,污泥藤
28,tile.thebetweenlands.tall_sludgecreep.name,Tall Sludgecreep,高秆泥藤,高污泥藤
35,tile.thebetweenlands.swamp_double_tallgrass.name,Double Swamp Tallgrass,高秆沼泽高草,高沼泽长茎草
37,tile.thebetweenlands.dead_moss.name,Dead Moss,死亡苔藓,枯死的苔藓
41,tile.thebetweenlands.rotbulb.name,Rotbulb,腐坏球,腐坏球菇
43,tile.thebetweenlands.weedwood_bush.name,Weedwood Bush,杂草灌木丛,杂草木灌木
49,tile.thebetweenlands.dead_weedwood_bush.name,Dead Weedwood Bush,死亡的杂草灌木丛,枯死的杂草木灌木
50,tile.thebetweenlands.nesting_block_sticks.name,Nesting Block,巢穴,巢穴块
51,tile.thebetweenlands.nesting_block_bones.name,Nesting Block,巢穴,巢穴块
52,tile.thebetweenlands.swamp_tallgrass.name,Swamp Tallgrass,矮秆沼泽高草,沼泽长茎草
53,tile.thebetweenlands.tall_cattail.name,Tall Cattail,高秆香蒲,高香蒲
58,tile.thebetweenlands.dead_lichen.name,Dead Lichen,死亡地衣,枯死的地衣
62,tile.thebetweenlands.betweenlands_bedrock.name,Betweenlands Bedrock,交错基岩,交错次元基岩
75,tile.thebetweenlands.bulb_capped_mushroom_cap.name,Bulb-Capped Mushroom Cap,球盖菇的盖子,球盖菇菌盖
76,tile.thebetweenlands.bulb_capped_mushroom_stalk.name,Bulb-Capped Mushroom Stalk,球盖菇的茎秆,球盖菇茎
85,tile.thebetweenlands.cragrock_bricks.name,Cragrock Bricks,峭壁石砖,峭壁岩砖
88,tile.thebetweenlands.cragrock_brick_stairs.name,Cragrock Brick Stairs,峭壁石砖楼梯,峭壁岩砖楼梯
92,tile.thebetweenlands.cragrock_pillar.name,Cragrock Pillar,峭壁石柱,峭壁岩柱
93,tile.thebetweenlands.cragrock_tiles.name,Cragrock Tiles,峭壁石地砖,峭壁岩地砖
96,tile.thebetweenlands.cragrock_wall.name,Cragrock Wall,峭壁石墙,峭壁岩墙
97,tile.thebetweenlands.cragrock_slab.name,Cragrock Slab,峭壁石台阶,峭壁岩台阶
98,tile.thebetweenlands.cragrock_stairs.name,Cragrock Stairs,峭壁石楼梯,峭壁岩楼梯
99,tile.thebetweenlands.crimson_middle_gem_ore.name,Crimson Middle Gem Ore,猩红元素宝石矿石,绯红元素宝石矿石
100,tile.thebetweenlands.dead_grass.name,Dead Grass,死亡的沼泽草方块,枯死的沼泽草方块
105,tile.thebetweenlands.druid_stone_1.name,Rune Stone,符石1,符文石
106,tile.thebetweenlands.druid_stone_2.name,Rune Stone,符石2,符文石
107,tile.thebetweenlands.druid_stone_3.name,Rune Stone,符石3,符文石
108,tile.thebetweenlands.druid_stone_4.name,Rune Stone,符石4,符文石
109,tile.thebetweenlands.druid_stone_5.name,Rune Stone,符石5,符文石
110,tile.thebetweenlands.druid_stone_6.name,Rune Stone,符石6,符文石
112,tile.thebetweenlands.generic_stone.corrupt_betweenstone.name,Corrupt Betweenstone,腐化的交错石,腐化交错石
113,tile.thebetweenlands.glowing_betweenstone_tile.name,Glowing Betweenstone Tile,发光的交错石地砖,发光交错石地砖
114,tile.thebetweenlands.glowing_smooth_cragrock.name,Glowing Smooth Cragrock,发光的平滑峭壁岩,发光平滑峭壁岩
117,tile.thebetweenlands.leaves_sap_tree.name,Sap Tree Leaves,凝胶树树叶,凝汁树树叶
118,tile.thebetweenlands.leaves_weedwood_tree.name,Weedwood Leaves,杂草树树叶,杂草木树叶
119,tile.thebetweenlands.leaves_hearthgrove_tree.name,Hearthgrove Leaves,火树树叶,炉树树叶
135,tile.thebetweenlands.mossy_limestone_bricks.name,Mossy Limestone Bricks,苔藓石灰石砖,石灰苔石砖
139,tile.thebetweenlands.log_sap.name,Sap Tree Log,凝胶树原木,凝汁树原木
140,tile.thebetweenlands.log_weedwood.name,Weedwood Log,杂草树原木,杂草木原木
141,tile.thebetweenlands.log_hearthgrove.name,Hearthgrove Log,火树原木,炉树原木
142,tile.thebetweenlands.log_hearthgrove_tarred.name,Tarred Hearthgrove Log,涂油火树原木,涂油炉树原木
148,tile.thebetweenlands.tar_loot_pot.1.name,Tar Pot of Chance,陷入焦油的机运壶,陷入焦油的机运之壶
149,tile.thebetweenlands.tar_loot_pot.2.name,Tar Pot of Chance,陷入焦油的机运壶,陷入焦油的机运之壶
150,tile.thebetweenlands.tar_loot_pot.3.name,Tar Pot of Chance,陷入焦油的机运壶,陷入焦油的机运之壶
151,tile.thebetweenlands.tar_beast_spawner.name,Tar Beast Spawner,焦油怪刷怪箱,焦油兽刷怪箱
160,tile.thebetweenlands.mossy_smooth_betweenstone_wall.name,Mossy Smooth Betweenstone Wall,交错苔石墙,平滑交错苔石墙
165,tile.thebetweenlands.mud_brick_shingles.name,Mud Brick Shingles,泥瓦,泥砖瓦
166,tile.thebetweenlands.mud_brick_shingle_slab.name,Mud Brick Shingle Slab,泥瓦台阶,泥砖瓦台阶
167,tile.thebetweenlands.mud_brick_shingle_stairs.name,Mud Brick Shingle Stairs,泥瓦楼梯,泥砖瓦楼梯
168,tile.thebetweenlands.mud_brick_shingle_wall.name,Mud Brick Shingle Wall,泥瓦墙,泥砖瓦墙
169,tile.thebetweenlands.octine_block.name,Block of Octine,炽炎铁块,炽金块
170,tile.thebetweenlands.octine_ore.name,Octine Ore,炽炎铁矿石,炽金矿石
185,tile.thebetweenlands.polished_limestone.name,Polished Limestone,抛光石灰石,磨制石灰石
186,tile.thebetweenlands.polished_limestone_stairs.name,Polished Limestone Stairs,抛光石灰石楼梯,磨制石灰石楼梯
188,tile.thebetweenlands.portal_frame.corner_bottom_left.name,Bottom Left Portal Frame,左侧传送门框架底部,传送门框架左底部
189,tile.thebetweenlands.portal_frame.corner_bottom_right.name,Bottom Right Portal Frame,右侧传送门框架底部,传送门框架右底部
190,tile.thebetweenlands.portal_frame.corner_top_left.name,Top Left Portal Frame,左侧传送门框架顶部,传送门框架左顶部
191,tile.thebetweenlands.portal_frame.corner_top_right.name,Top Right Portal Frame,右侧传送门框架顶部,传送门框架右顶部
192,tile.thebetweenlands.portal_frame.side_left.name,Left Side Portal Frame,传送门框架左边,传送门框架左侧
193,tile.thebetweenlands.portal_frame.side_right.name,Right Side Portal Frame,传送门框架右边,传送门框架右侧
199,tile.thebetweenlands.sapling_sap.name,Sap Tree Sapling,凝胶树树苗,凝汁树树苗
200,tile.thebetweenlands.sapling_weedwood.name,Weedwood Sapling,杂草树树苗,杂草木树苗
201,tile.thebetweenlands.sapling_hearthgrove.name,Hearthgrove Sapling,火树树苗,炉树树苗
204,tile.thebetweenlands.scabyst_ore.name,Scabyst Ore,痂壳晶矿石,痂晶矿石
209,tile.thebetweenlands.slimy_dirt.name,Slimy Dirt,粘液泥土,黏液泥土
210,tile.thebetweenlands.slimy_grass.name,Slimy Grass,粘液草方块,黏液草方块
211,tile.thebetweenlands.sludgy_dirt.name,Sludgy Dirt,烂泥土块,泥泞泥土
212,tile.thebetweenlands.spreading_sludgy_dirt.name,Spreading Sludgy Dirt,蔓延的烂泥土块,蔓延的泥泞泥土
222,tile.thebetweenlands.swamp_dirt.name,Swamp Dirt,沼泽土,沼泽泥土
231,tile.thebetweenlands.syrmorite_block.name,Block of Syrmorite,赛摩铜块,赛摩块
232,tile.thebetweenlands.syrmorite_ore.name,Syrmorite Ore,赛摩铜矿石,赛摩矿石
234,tile.thebetweenlands.tree_portal.name,Tree Portal,传送树的门,传送树门
235,tile.thebetweenlands.valonite_block.name,Block of Valonite,法罗钠块,英玫块
236,tile.thebetweenlands.valonite_ore.name,Valonite Ore,法罗钠矿石,英玫矿石
237,tile.thebetweenlands.venus_fly_trap.name,Venus Fly Trap,金星捕蝇草,捕蝇草
242,tile.thebetweenlands.weak_polished_limestone.name,Weak Polished Limestone,脆弱的抛光石灰石,脆弱的磨制石灰石
243,tile.thebetweenlands.weedwood.name,Weedwood,杂草树,杂草木树芯
249,tile.thebetweenlands.sulfur_furnace_dual.name,Dual Sulfur Furnace,双层硫磺熔炉,双联硫磺熔炉
251,tile.thebetweenlands.spike_trap.name,Polished Limestone Spike Trap,尖刺陷阱,磨制石灰石尖刺陷阱
254,tile.thebetweenlands.possessed_block.name,Possessed Block,鬼魂附着的方块,附魂方块
256,tile.thebetweenlands.coarse_swamp_dirt.name,Coarse Swamp Dirt,粗糙的沼泽土,沼泽砂土
264,tile.thebetweenlands.weedwood_plank_stairs.name,Weedwood Plank Stairs,杂草木板楼梯,杂草木木板楼梯
265,tile.thebetweenlands.rubber_tree_plank_stairs.name,Rubber Tree Plank Stairs,橡胶木板楼梯,橡胶树木板楼梯
270,tile.thebetweenlands.cragrock_brick_slab.name,Cragrock Brick Slab,峭壁石砖台阶,峭壁岩砖台阶
275,tile.thebetweenlands.polished_limestone_slab.name,Polished Limestone Slab,抛光石灰石台阶,磨制石灰石台阶
280,tile.thebetweenlands.weedwood_plank_slab.name,Weedwood Plank Slab,杂草木板台阶,杂草木木板台阶
281,tile.thebetweenlands.rubber_tree_plank_slab.name,Rubber Tree Plank Slab,橡胶木板台阶,橡胶树木板台阶
284,tile.thebetweenlands.weedwood_plank_fence.name,Weedwood Plank Fence,杂草木板栅栏,杂草木木板栅栏
286,tile.thebetweenlands.rubber_tree_plank_fence.name,Rubber Tree Plank Fence,橡胶木板栅栏,橡胶树木板栅栏
287,tile.thebetweenlands.weedwood_plank_fence_gate.name,Weedwood Plank Fence Gate,杂草木板栅栏门,杂草木木板栅栏门
289,tile.thebetweenlands.rubber_tree_plank_fence_gate.name,Rubber Tree Plank Fence Gate,橡胶木板栅栏门,橡胶树木板栅栏门
290,tile.thebetweenlands.weedwood_plank_pressure_plate.name,Weedwood Plank Pressure Plate,杂草木板压力板,杂草木木板压力板
291,tile.thebetweenlands.betweenstone_pressure_plate.name,Smooth Betweenstone Pressure Plate,交错石压力板,平滑交错石压力板
292,tile.thebetweenlands.syrmorite_pressure_plate.name,Syrmorite Pressure Plate,赛摩铜压力板,赛摩压力板
293,tile.thebetweenlands.weedwood_plank_button.name,Weedwood Plank Button,杂草木按钮,杂草木木板按钮
297,tile.thebetweenlands.hollow_log.name,Hollow Log,空心圆木,空心原木
298,tile.thebetweenlands.purified_swamp_dirt.name,Purified Swamp Dirt,净化的沼泽土,净化沼泽泥土
299,tile.thebetweenlands.dug_swamp_dirt.name,Dug Swamp Dirt,挖开的沼泽土,翻挖的沼泽泥土
300,tile.thebetweenlands.dug_purified_swamp_dirt.name,Dug Purified Swamp Dirt,挖开的净化的沼泽土,翻挖的净化沼泽泥土
301,tile.thebetweenlands.dug_swamp_grass.name,Dug Swamp Grass,挖开的沼泽草方块,翻挖的沼泽草方块
302,tile.thebetweenlands.dug_purified_swamp_grass.name,Dug Purified Swamp Grass,挖开的净化的沼泽草方块,翻挖的净化沼泽草方块
303,tile.thebetweenlands.syrmorite_rubber_tap.name,Syrmorite Rubber Tap,赛摩铜橡胶收集槽,赛摩橡胶收集槽
308,tile.thebetweenlands.weedwood_trapdoor.name,Weedwood Trapdoor,杂草木活板门,杂草木木板活板门
309,tile.thebetweenlands.rubber_tree_plank_trapdoor.name,Rubber Tree Plank Trapdoor,橡胶木板活板门,橡胶树木板活板门
310,tile.thebetweenlands.syrmorite_trapdoor.name,Syrmorite Trapdoor,赛摩铜活板门,赛摩活板门
311,tile.thebetweenlands.hearthgrove_plank_trapdoor.name,Hearthgrove Plank Trapdoor,火树木板活板门,炉树木板活板门
312,tile.thebetweenlands.nibbletwig_plank_trapdoor.name,Nibbletwig Plank Trapdoor,奇趣枝活板门,奇趣枝木板活板门
313,tile.thebetweenlands.scabyst_trapdoor.name,Scabyst Trapdoor,痂壳晶活板门,痂晶活板门
314,tile.thebetweenlands.syrmorite_hopper.name,Syrmorite Hopper,赛摩铜漏斗,赛摩漏斗
323,tile.thebetweenlands.mud_flower_pot_candle.name,Mud Brick Flower Pot With Candle,插蜡烛的泥砖花盆,插上蜡烛的泥砖花盆
332,tile.thebetweenlands.polished_limestone_wall.name,Polished Limestone Wall,抛光石灰石墙,磨制石灰石墙
334,tile.thebetweenlands.polished_dentrothyst_pane.green.name,Green Polished Dentrothyst Pane,绿色抛光木晶板,绿色磨制木晶板
335,tile.thebetweenlands.polished_dentrothyst_pane.orange.name,Orange Polished Dentrothyst Pane,橙色抛光木晶板,橙色磨制木晶板
346,tile.thebetweenlands.crimson_middle_gem_block.name,Crimson Middle Gem Block,猩红元素宝石块,绯红元素宝石块
348,tile.thebetweenlands.polished_dentrothyst.green.name,Green Polished Dentrothyst,绿色抛光木晶,绿色磨制木晶
349,tile.thebetweenlands.polished_dentrothyst.orange.name,Orange Polished Dentrothyst,橙色抛光木晶,橙色磨制木晶
355,tile.thebetweenlands.green_middle_gem_block.name,Green Middle Gem Block,翠绿元素宝石矿石,翠绿元素宝石块
356,tile.thebetweenlands.hanger.name,Hanger,藤蔓,藤条
357,tile.thebetweenlands.hanger_seeded.name,Seeded Hanger,结籽藤蔓,结籽藤条
363,tile.thebetweenlands.log_rotten_bark.name,Rotten Bark,烂树皮,腐朽树皮
364,tile.thebetweenlands.log_spreading_rotten_bark.name,Spreading Rotten Bark,蔓延的烂树皮,蔓延的腐朽树皮
365,tile.thebetweenlands.walkway.name,Weedwood Walkway,走道,杂草木走道
366,tile.thebetweenlands.wood_chip_path.name,Weedwood Chip Path,木片小径,杂草木木片小径
369,tile.thebetweenlands.mud_brick_roof.name,Mud Brick Shingle Roof,泥瓦屋顶,泥砖瓦屋顶
376,tile.thebetweenlands.giant_root_plank_trapdoor.name,Giant Root Plank Trapdoor,巨型树根活板门,巨型树根木板活板门
377,tile.thebetweenlands.giant_root_plank_stairs.name,Giant Root Plank Stairs,巨型树根楼梯,巨型树根木板楼梯
378,tile.thebetweenlands.giant_root_plank_slab.name,Giant Root Plank Slab,巨型树根台阶,巨型树根木板台阶
379,tile.thebetweenlands.giant_root_plank_fence.name,Giant Root Plank Fence,巨型树根栅栏,巨型树根木板栅栏
380,tile.thebetweenlands.giant_root_plank_fence_gate.name,Giant Root Plank Fence Gate,巨型树根栅栏门,巨型树根木板栅栏门
381,tile.thebetweenlands.hearthgrove_planks.name,Hearthgrove Planks,火树木板,炉树木板
382,tile.thebetweenlands.hearthgrove_plank_stairs.name,Hearthgrove Plank Stairs,火树楼梯,炉树木板楼梯
383,tile.thebetweenlands.hearthgrove_plank_slab.name,Hearthgrove Plank Slab,火树台阶,炉树木板台阶
384,tile.thebetweenlands.hearthgrove_plank_fence.name,Hearthgrove Plank Fence,火树栅栏,炉树木板栅栏
385,tile.thebetweenlands.hearthgrove_plank_fence_gate.name,Hearthgrove Plank Fence Gate,火树栅栏门,炉树木板栅栏门
387,tile.thebetweenlands.nibbletwig_plank_stairs.name,Nibbletwig Plank Stairs,奇趣枝楼梯,奇趣枝木板楼梯
388,tile.thebetweenlands.nibbletwig_plank_slab.name,Nibbletwig Plank Slab,奇趣枝台阶,奇趣枝木板台阶
389,tile.thebetweenlands.nibbletwig_plank_fence.name,Nibbletwig Plank Fence,奇趣枝栅栏,奇趣枝木板栅栏
390,tile.thebetweenlands.nibbletwig_plank_fence_gate.name,Nibbletwig Plank Fence Gate,奇趣枝栅栏门,奇趣枝木板栅栏门
391,tile.thebetweenlands.amate_paper_pane_1.name,Connected Amate Paper Pane,纸窗,树皮纸窗
392,tile.thebetweenlands.amate_paper_pane_2.name,Squared Amate Paper Pane,方形窗格纸窗,方形窗格树皮纸窗
393,tile.thebetweenlands.amate_paper_pane_3.name,Rounded Amate Paper Pane,圆形窗格纸窗,圆形窗格树皮纸窗
395,tile.thebetweenlands.scabyst_block.name,Block of Scabyst,痂壳晶块,痂晶块
396,tile.thebetweenlands.scabyst_chiseled_1.name,Chiseled Scabyst,錾制痂壳晶块,錾制痂晶块
397,tile.thebetweenlands.scabyst_chiseled_2.name,Chiseled Scabyst,錾制痂壳晶块,錾制痂晶块
398,tile.thebetweenlands.scabyst_chiseled_3.name,Chiseled Scabyst,錾制痂壳晶块,錾制痂晶块
399,tile.thebetweenlands.scabyst_bricks.name,Scabyst Bricks,痂壳晶砖,痂晶砖
400,tile.thebetweenlands.scabyst_brick_wall.name,Scabyst Brick Wall,痂壳晶砖墙,痂晶砖墙
401,tile.thebetweenlands.scabyst_brick_stairs.name,Scabyst Brick Stairs,痂壳晶砖楼梯,痂晶砖楼梯
402,tile.thebetweenlands.scabyst_brick_slab.name,Scabyst Brick Slab,痂壳晶砖台阶,痂晶砖台阶
403,tile.thebetweenlands.scabyst_pitstone_dotted.name,Scabyst Lined Pitstone,痂壳晶斑点麻纹石,痂晶斑点麻纹石
404,tile.thebetweenlands.scabyst_pitstone_horizontal.name,Scabyst Lined Pitstone,痂壳晶条纹麻纹石,痂晶条纹麻纹石
407,tile.thebetweenlands.worm_dungeon_pillar.worm_pillar_vertical_decay_1.name,Sludgy Worm Pillar 1,蠕虫柱（等级 1）,泥泞蠕虫柱 1
408,tile.thebetweenlands.worm_dungeon_pillar.worm_pillar_vertical_decay_2.name,Sludgy Worm Pillar 2,蠕虫柱（等级 2）,泥泞蠕虫柱 2
409,tile.thebetweenlands.worm_dungeon_pillar.worm_pillar_vertical_decay_3.name,Sludgy Worm Pillar 3,蠕虫柱（等级 3）,泥泞蠕虫柱 3
410,tile.thebetweenlands.worm_dungeon_pillar.worm_pillar_vertical_decay_4.name,Sludgy Worm Pillar 4,蠕虫柱（等级 4）,泥泞蠕虫柱 4
411,tile.thebetweenlands.worm_dungeon_pillar.worm_pillar_vertical_decay_full.name,Sludgy Worm Pillar 5,蠕虫柱（等级 5）,泥泞蠕虫柱 5
413,tile.thebetweenlands.worm_dungeon_pillar.worm_pillar_top_decay_1.name,Sludgy Worm Pillar Cap 1,蠕虫柱顶（等级 1）,泥泞蠕虫柱顶 1
414,tile.thebetweenlands.worm_dungeon_pillar.worm_pillar_top_decay_2.name,Sludgy Worm Pillar Cap 2,蠕虫柱顶（等级 2）,泥泞蠕虫柱顶 2
415,tile.thebetweenlands.worm_dungeon_pillar.worm_pillar_top_decay_3.name,Sludgy Worm Pillar Cap 3,蠕虫柱顶（等级 3）,泥泞蠕虫柱顶 3
416,tile.thebetweenlands.worm_dungeon_pillar.worm_pillar_top_decay_4.name,Sludgy Worm Pillar Cap 4,蠕虫柱顶（等级 4）,泥泞蠕虫柱顶 4
417,tile.thebetweenlands.worm_dungeon_pillar.worm_pillar_top_decay_full.name,Sludgy Worm Pillar Cap 5,蠕虫柱顶（等级 5）,泥泞蠕虫柱顶 5
418,tile.thebetweenlands.compacted_mud.name,Compacted Mud,紧实的泥巴,紧实泥巴
420,tile.thebetweenlands.mud_tiles.mud_tiles_decay.name,Decayed Mud Tiles,腐朽的泥地砖,腐泞泥地砖
422,tile.thebetweenlands.mud_tiles.mud_tiles_cracked_decay.name,Decayed Cracked Mud Tiles,腐朽的裂纹泥地砖,腐泞裂纹泥地砖
424,tile.thebetweenlands.mud_bricks_carved.mud_bricks_carved.name,Carved Mud Bricks,雕刻的泥砖,雕刻泥砖
425,tile.thebetweenlands.mud_bricks_carved.mud_bricks_carved_decay_1.name,Sludgy Carved Mud Bricks 1,雕刻的泥砖（等级 1）,泥泞雕刻泥砖 1
426,tile.thebetweenlands.mud_bricks_carved.mud_bricks_carved_decay_2.name,Sludgy Carved Mud Bricks 2,雕刻的泥砖（等级 2）,泥泞雕刻泥砖 2
427,tile.thebetweenlands.mud_bricks_carved.mud_bricks_carved_decay_3.name,Sludgy Carved Mud Bricks 3,雕刻的泥砖（等级 3）,泥泞雕刻泥砖 3
428,tile.thebetweenlands.mud_bricks_carved.mud_bricks_carved_decay_4.name,Sludgy Carved Mud Bricks 4,雕刻的泥砖（等级 4）,泥泞雕刻泥砖 4
429,tile.thebetweenlands.mud_bricks_carved.mud_bricks_carved_edge.name,Carved Mud Bricks Edge,雕刻的泥砖边缘,雕刻泥砖边缘
430,tile.thebetweenlands.mud_bricks_carved.mud_bricks_carved_edge_decay_1.name,Sludgy Carved Mud Bricks Edge 1,雕刻的泥砖边缘（等级 1）,泥泞雕刻泥砖边缘 1
431,tile.thebetweenlands.mud_bricks_carved.mud_bricks_carved_edge_decay_2.name,Sludgy Carved Mud Bricks Edge 2,雕刻的泥砖边缘（等级 2）,泥泞雕刻泥砖边缘 2
432,tile.thebetweenlands.mud_bricks_carved.mud_bricks_carved_edge_decay_3.name,Sludgy Carved Mud Bricks Edge 3,雕刻的泥砖边缘（等级 3）,泥泞雕刻泥砖边缘 3
433,tile.thebetweenlands.mud_bricks_carved.mud_bricks_carved_edge_decay_4.name,Sludgy Carved Mud Bricks Edge 4,雕刻的泥砖边缘（等级 4）,泥泞雕刻泥砖边缘 4
434,tile.thebetweenlands.mud_bricks_carved.mud_bricks_decay_1.name,Sludgy Mud Bricks 1,泥砖（等级 1）,泥泞泥砖 1
435,tile.thebetweenlands.mud_bricks_carved.mud_bricks_decay_2.name,Sludgy Mud Bricks 2,泥砖（等级 2）,泥泞泥砖 2
436,tile.thebetweenlands.mud_bricks_carved.mud_bricks_decay_3.name,Sludgy Mud Bricks 3,泥砖（等级 3）,泥泞泥砖 3
437,tile.thebetweenlands.mud_bricks_carved.mud_bricks_decay_4.name,Sludgy Mud Bricks 4,泥砖（等级 4）,泥泞泥砖 4
438,tile.thebetweenlands.mud_brick_stairs_decay_1.name,Sludgy Mud Brick Stairs 1,泥砖楼梯（等级 1）,泥泞泥砖楼梯 1
439,tile.thebetweenlands.mud_brick_stairs_decay_2.name,Sludgy Mud Brick Stairs 2,泥砖楼梯（等级 2）,泥泞泥砖楼梯 2
440,tile.thebetweenlands.mud_brick_stairs_decay_3.name,Sludgy Mud Brick Stairs 3,泥砖楼梯（等级 3）,泥泞泥砖楼梯 3
441,tile.thebetweenlands.mud_brick_stairs_decay_4.name,Sludgy Mud Brick Stairs 4,泥砖楼梯（等级 4）,泥泞泥砖楼梯 4
442,tile.thebetweenlands.mud_brick_slab_decay_1.name,Sludgy Mud Brick Slab 1,泥砖台阶（等级 1）,泥泞泥砖台阶 1
443,tile.thebetweenlands.mud_brick_slab_decay_2.name,Sludgy Mud Brick Slab 2,泥砖台阶（等级 2）,泥泞泥砖台阶 2
444,tile.thebetweenlands.mud_brick_slab_decay_3.name,Sludgy Mud Brick Slab 3,泥砖台阶（等级 3）,泥泞泥砖台阶 3
445,tile.thebetweenlands.mud_brick_slab_decay_4.name,Sludgy Mud Brick Slab 4,泥砖台阶（等级 4）,泥泞泥砖台阶 4
446,tile.thebetweenlands.mud_tower_beam_origin.name,Beam Origin,光源,光束源
449,tile.thebetweenlands.mud_tower_beam_lens_supports.name,Beam Lens Support,透镜支架,光束透镜支架
451,tile.thebetweenlands.loot_urn.1.name,Urn of Chance,战利品罐,机运之瓮
452,tile.thebetweenlands.loot_urn.2.name,Urn of Chance,战利品罐,机运之瓮
453,tile.thebetweenlands.loot_urn.3.name,Urn of Chance,战利品罐,机运之瓮
454,tile.thebetweenlands.mud_bricks_climbable.name,Runged Mud Bricks,泥砖梯子,梯级泥砖
457,tile.thebetweenlands.wooden_support_beam_rotten_1.name,Rotten Support Beam,腐烂的支柱,腐朽木承梁
458,tile.thebetweenlands.wooden_support_beam_rotten_2.name,Rotten Support Beam,腐烂的支柱,腐朽木承梁
459,tile.thebetweenlands.wooden_support_beam_rotten_3.name,Rotten Support Beam,腐烂的支柱,腐朽木承梁
460,tile.thebetweenlands.log_rotten_bark_carved_1.name,Carved Rotten Bark,雕刻的烂树皮,雕刻腐朽树皮
461,tile.thebetweenlands.log_rotten_bark_carved_2.name,Carved Rotten Bark,雕刻的烂树皮,雕刻腐朽树皮
462,tile.thebetweenlands.log_rotten_bark_carved_3.name,Carved Rotten Bark,雕刻的烂树皮,雕刻腐朽树皮
463,tile.thebetweenlands.log_rotten_bark_carved_4.name,Carved Rotten Bark,雕刻的烂树皮,雕刻腐朽树皮
464,tile.thebetweenlands.log_rotten_bark_carved_5.name,Carved Rotten Bark,雕刻的烂树皮,雕刻腐朽树皮
465,tile.thebetweenlands.log_rotten_bark_carved_6.name,Carved Rotten Bark,雕刻的烂树皮,雕刻腐朽树皮
466,tile.thebetweenlands.log_rotten_bark_carved_7.name,Carved Rotten Bark,雕刻的烂树皮,雕刻腐朽树皮
467,tile.thebetweenlands.log_rotten_bark_carved_8.name,Carved Rotten Bark,雕刻的烂树皮,雕刻腐朽树皮
468,tile.thebetweenlands.log_rotten_bark_carved_9.name,Carved Rotten Bark,雕刻的烂树皮,雕刻腐朽树皮
469,tile.thebetweenlands.log_rotten_bark_carved_10.name,Carved Rotten Bark,雕刻的烂树皮,雕刻腐朽树皮
470,tile.thebetweenlands.log_rotten_bark_carved_11.name,Carved Rotten Bark,雕刻的烂树皮,雕刻腐朽树皮
471,tile.thebetweenlands.log_rotten_bark_carved_12.name,Carved Rotten Bark,雕刻的烂树皮,雕刻腐朽树皮
472,tile.thebetweenlands.log_rotten_bark_carved_13.name,Carved Rotten Bark,雕刻的烂树皮,雕刻腐朽树皮
473,tile.thebetweenlands.log_rotten_bark_carved_14.name,Carved Rotten Bark,雕刻的烂树皮,雕刻腐朽树皮
474,tile.thebetweenlands.log_rotten_bark_carved_15.name,Carved Rotten Bark,雕刻的烂树皮,雕刻腐朽树皮
475,tile.thebetweenlands.log_rotten_bark_carved_16.name,Carved Rotten Bark,雕刻的烂树皮,雕刻腐朽树皮
487,tile.thebetweenlands.decay_pit_hanging_chain.name,Pit of Decay Chains,残蚀池之链,残蚀之池锁链
488,tile.thebetweenlands.decay_pit_ground_chain.name,Pit of Decay Chains,残蚀池之链,残蚀之池锁链
496,tile.thebetweenlands.syrmorite_barrel.name,Syrmorite Barrel,赛摩铜储液桶,赛摩储液桶
497,tile.thebetweenlands.simulacrum_lake_cavern.1.name,Lake Cavern Simulacrum,洞穴湖泊雕像,湖穴拟像
498,tile.thebetweenlands.simulacrum_lake_cavern.2.name,Lake Cavern Simulacrum,洞穴湖泊雕像,湖穴拟像
499,tile.thebetweenlands.simulacrum_lake_cavern.3.name,Lake Cavern Simulacrum,洞穴湖泊雕像,湖穴拟像
500,tile.thebetweenlands.simulacrum_deepman.1.name,Deepman Simulacrum,洞穴人面雕像,深窟拟像
501,tile.thebetweenlands.simulacrum_deepman.2.name,Deepman Simulacrum,洞穴人面雕像,深窟拟像
502,tile.thebetweenlands.simulacrum_deepman.3.name,Deepman Simulacrum,洞穴人面雕像,深窟拟像
503,tile.thebetweenlands.simulacrum_rootman.1.name,Rootman Simulacrum,树根人面雕像,根木拟像
504,tile.thebetweenlands.simulacrum_rootman.2.name,Rootman Simulacrum,树根人面雕像,根木拟像
505,tile.thebetweenlands.simulacrum_rootman.3.name,Rootman Simulacrum,树根人面雕像,根木拟像
604,item.thebetweenlands.arrow_arum_leaf.name,Arrow Arum Leaf,茯苓叶,箭南星叶
609,item.thebetweenlands.beneath_a_green_sky.name,Music Disc,绿色星空唱片,音乐唱片
610,item.thebetweenlands.between_you_and_me.name,Tribeman's Disc,部落勇士唱片,音乐唱片
612,item.thebetweenlands.blood_snail_shell.name,Crimson Snail Shell,猩红蜗牛壳,绯红蜗壳
614,item.thebetweenlands.blue_iris_petal.name,Blue Iris Petals,蓝鸢尾花瓣,蓝色鸢尾花花瓣
616,item.thebetweenlands.bone_axe.name,Bone Axe,骨斧,粘骨斧
618,item.thebetweenlands.bladderwort_stalk_item.name,Bladderwort Stalk,狸藻茎秆,狸藻茎
624,item.thebetweenlands.bone_pickaxe.name,Bone Pickaxe,骨镐,粘骨镐
625,item.thebetweenlands.boneset_flowers.name,Boneset Flowers,兰草花,贯叶泽兰花
627,item.thebetweenlands.bone_shovel.name,Bone Shovel,骨锹,粘骨锹
628,item.thebetweenlands.bone_sword.name,Bone Sword,骨剑,粘骨剑
631,item.thebetweenlands.bulb_capped_mushroom_item.name,Bulb-Capped Mushrooms,球盖蘑菇,球盖菇
640,item.thebetweenlands.chiromaw_wing.name,Chiromaw Wing,翼手怪的翅膀,翼手怪翅膀
641,item.thebetweenlands.christmas_on_the_marsh.name,Frosty Disc,寒冷冬季唱片,冰霜唱片
643,item.thebetweenlands.copper_iris_petals.name,Copper Iris Petals,铜色鸢尾花瓣,铜色鸢尾花花瓣
650,item.thebetweenlands.flat_head_mushroom_item.name,Flathead Mushroom,平顶蘑菇,平顶菇
657,item.thebetweenlands.golden_club_flower_item.name,Golden Club Flowers,奥昂蒂花,金棒芋花
668,item.thebetweenlands.ground_arrow_arum.name,Ground Arrow Arum,磨碎的茯苓,磨碎的箭南星
670,item.thebetweenlands.ground_blood_snail_shell.name,Ground Crimson Snail Shell,磨碎的猩红蜗牛壳,磨碎的绯红蜗壳
672,item.thebetweenlands.ground_blue_iris.name,Ground Blue Iris,磨碎的蓝鸢尾花,磨碎的蓝色鸢尾花
674,item.thebetweenlands.ground_boneset.name,Ground Boneset,磨碎的兰草,磨碎的贯叶泽兰
684,item.thebetweenlands.ground_crimson_middle_gem.name,Ground Crimson Middle Gem,磨碎的猩红元素宝石,磨碎的绯红元素宝石
689,item.thebetweenlands.ground_golden_club.name,Ground Golden Club,磨碎的奥昂蒂,磨碎的金棒芋
693,item.thebetweenlands.ground_marsh_hibiscus.name,Ground Marsh Hibiscus,磨碎的沼泽木槿,磨碎的湿地木槿
694,item.thebetweenlands.ground_marsh_mallow.name,Ground Marsh Mallow,磨碎的沼泽锦葵,磨碎的湿地锦葵
695,item.thebetweenlands.ground_marsh_marigold.name,Ground Marsh Marigold,磨碎的沼泽金盏花,磨碎的湿地金盏花
698,item.thebetweenlands.ground_mire_snail_shell.name,Ground Ochre Snail Shell,磨碎的褐色蜗牛壳,磨碎的赭色蜗壳
706,item.thebetweenlands.ground_sludgecreep.name,Ground Sludgecreep,磨碎的泥藤,磨碎的污泥藤
709,item.thebetweenlands.ground_swamp_grass_tall.name,Ground Swamp Tallgrass,磨碎的沼泽高草,磨碎的沼泽长茎草
713,item.thebetweenlands.ground_venus_fly_trap.name,Ground Venus Fly Trap,磨碎的金星捕蝇草,磨碎的捕蝇草
716,item.thebetweenlands.ground_weedwood_bark.name,Ground Weedwood Bark,磨碎的杂草树树皮,磨碎的杂草木树皮
722,item.thebetweenlands.ground_rotbulb.name,Ground Rotbulb,腐坏球菌,磨碎的腐坏球菇
727,item.thebetweenlands.hag_dance.name,Music Disc,魔女之舞唱片,音乐唱片
728,item.thebetweenlands.hanger_item.name,Hanger,藤蔓,藤条
729,item.thebetweenlands.inanimate_tarminion.name,Inanimate Tarminion,衰老的焦油侍从,失活的焦油侍从
736,item.thebetweenlands.lonely_fire.name,Music Disc,孤独星火唱片,音乐唱片
737,item.thebetweenlands.lurker_skin.name,Lurker Skin,潜尾鳄的皮,潜尾鳄皮
742,item.thebetweenlands.marsh_hibiscus_flower.name,Marsh Hibiscus Flower,沼泽木槿花,湿地木槿花
744,item.thebetweenlands.marsh_mallow_flower.name,Marsh Mallow Flower,沼泽锦葵花,湿地锦葵花
746,item.thebetweenlands.marsh_marigold_flower_item.name,Marsh Marigold Flower,沼泽金盏花,湿地金盏花
752,item.thebetweenlands.mire_snail_shell.name,Ochre Snail Shell,褐色蜗牛壳,赭色蜗壳
755,item.thebetweenlands.mysterious_record.name,Mysterious Disc,迷之唱片,神秘唱片
758,item.thebetweenlands.mire_scramble.name,Mire Scramble,沼泽炒蛋,泥潭炒蛋
759,item.thebetweenlands.weeping_blue_petal_salad.name,Weeping Blue Petal Salad,哭泣蓝花瓣沙拉,哭泣蓝花花瓣沙拉
760,item.thebetweenlands.octine_axe.name,Octine Axe,炽炎铁斧,炽金斧
761,item.thebetweenlands.octine_ingot.name,Octine Ingot,炽炎铁锭,炽金锭
762,item.thebetweenlands.octine_nugget.name,Octine Nugget,炽炎铁粒,炽金粒
763,item.thebetweenlands.octine_pickaxe.name,Octine Pickaxe,炽炎铁镐,炽金镐
764,item.thebetweenlands.octine_shield.name,Octine Shield,炽炎铁盾牌,炽金盾牌
765,item.thebetweenlands.octine_shovel.name,Octine Shovel,炽炎铁锹,炽金锹
766,item.thebetweenlands.octine_sword.name,Octine Sword,炽炎铁剑,炽金剑
767,item.thebetweenlands.onwards.name,Music Disc,前行唱片,音乐唱片
772,item.thebetweenlands.plant_tonic.name,Plant Tonic,植物营养剂,植物营养液
775,item.thebetweenlands.pyrad_flame.name,Pyrad Flame,树妖的烈焰,树妖烈焰
780,item.thebetweenlands.marsh_runner_boots.name,Boots of the Marsh Runner,沼泽旅者之靴,湿地旅者之靴
781,item.thebetweenlands.sap_ball.name,Ball of Sap,凝胶球,凝汁球
782,item.thebetweenlands.sap_jello.name,Sap Jello,凝胶果冻,凝汁果冻
783,item.thebetweenlands.scabyst.name,Scabyst,痂壳晶,痂晶
784,item.thebetweenlands.shockwave_sword_1.name,Shockwave Sword Piece,冲击波剑护手,震波剑零件
785,item.thebetweenlands.shockwave_sword_2.name,Shockwave Sword Piece,冲击波剑剑刃,震波剑零件
786,item.thebetweenlands.shockwave_sword_3.name,Shockwave Sword Piece,冲击波剑手柄,震波剑零件
787,item.thebetweenlands.shockwave_sword_4.name,Shockwave Sword Piece,冲击波剑指示灯,震波剑零件
789,item.thebetweenlands.silt_crab_claw.name,Crab Claw,泥蟹钳,蟹钳
791,item.thebetweenlands.sludge_ball.name,Sludge Ball,泥浆球,污泥球
792,item.thebetweenlands.sludgecreep_leaves.name,Sludgecreep Leaves,泥藤叶,污泥藤叶
793,item.thebetweenlands.sludge_jello.name,Sludge Jello,泥浆果冻,污泥果冻
794,item.thebetweenlands.snail_flesh_cooked.name,Seared Snail Flesh,烧焦的蜗牛肉,熟蜗牛肉
798,item.thebetweenlands.stalker_eye.name,Stalker Eye,潜行者之眼,尾行者眼
799,item.thebetweenlands.stuck_in_the_mud.name,Music Disc,深陷泥潭唱片,音乐唱片
805,item.thebetweenlands.swamp_talisman_0.name,Swamp Talisman,沼泽护身符,沼泽魔符
806,item.thebetweenlands.swamp_talisman_1.name,Swamp Talisman Piece,沼泽护身符碎片1,沼泽魔符零件
807,item.thebetweenlands.swamp_talisman_2.name,Swamp Talisman Piece,沼泽护身符碎片2,沼泽魔符零件
808,item.thebetweenlands.swamp_talisman_3.name,Swamp Talisman Piece,沼泽护身符碎片3,沼泽魔符零件
809,item.thebetweenlands.swamp_talisman_4.name,Swamp Talisman Piece,沼泽护身符碎片4,沼泽魔符零件
810,item.thebetweenlands.swamp_talisman_5.name,Linked Swamp Talisman,链接的沼泽护身符,链接的沼泽魔符
811,item.thebetweenlands.swamp_tall_grass_blades.name,Swamp Tallgrass Blades,沼泽高草叶,沼泽长茎草叶
812,item.thebetweenlands.syrmorite_boots.name,Syrmorite Boots,赛摩铜靴子,赛摩靴子
813,item.thebetweenlands.syrmorite_chestplate.name,Syrmorite Chestplate,赛摩铜胸甲,赛摩胸甲
814,item.thebetweenlands.syrmorite_helmet.name,Syrmorite Helmet,赛摩铜头盔,赛摩头盔
815,item.thebetweenlands.syrmorite_ingot.name,Syrmorite Ingot,赛摩铜锭,赛摩锭
816,item.thebetweenlands.syrmorite_nugget.name,Syrmorite Nugget,赛摩铜粒,赛摩粒
817,item.thebetweenlands.syrmorite_leggings.name,Syrmorite Leggings,赛摩铜护腿,赛摩护腿
818,item.thebetweenlands.syrmorite_shield.name,Syrmorite Shield,赛摩铜盾牌,赛摩盾牌
820,item.thebetweenlands.tar_beast_heart.name,Tar Beast Heart,焦油怪的心脏,焦油兽心脏
821,item.thebetweenlands.tar_beast_heart_animated.name,Animated Tar Beast Heart,跳动的焦油怪心脏,活化的焦油兽心脏
826,item.thebetweenlands.the_explorer.name,Explorer's Disc,探险家唱片,探险唱片
828,item.thebetweenlands.betweenstone_pebble.name,Betweenstone Pebble,交错石子,交错卵石
829,item.thebetweenlands.valonite_axe.name,Valonite Axe,法罗钠斧,英玫斧
830,item.thebetweenlands.valonite_greataxe.name,Valonite Greataxe,法罗钠巨斧,英玫巨斧
831,item.thebetweenlands.valonite_boots.name,Valonite Boots,法罗钠靴子,英玫靴子
832,item.thebetweenlands.valonite_chestplate.name,Valonite Chestplate,法罗钠胸甲,英玫胸甲
833,item.thebetweenlands.valonite_helmet.name,Valonite Helmet,法罗钠头盔,英玫头盔
834,item.thebetweenlands.valonite_leggings.name,Valonite Leggings,法罗钠护腿,英玫护腿
835,item.thebetweenlands.valonite_pickaxe.name,Valonite Pickaxe,法罗钠镐,英玫镐
836,item.thebetweenlands.valonite_shard.name,Valonite Shard,法罗钠晶石碎片,英玫碎片
837,item.thebetweenlands.valonite_splinter.name,Valonite Splinter,法罗钠锐利碎片,英玫碎尖
838,item.thebetweenlands.valonite_shield.name,Valonite Shield,法罗钠盾牌,英玫盾牌
839,item.thebetweenlands.valonite_shovel.name,Valonite Shovel,法罗钠锹,英玫锹
840,item.thebetweenlands.valonite_sword.name,Valonite Sword,法罗钠剑,英玫剑
841,item.thebetweenlands.venus_fly_trap_item.name,Venus Fly Trap Head,捕蝇草陷阱,捕蝇草头
843,item.thebetweenlands.wandering_wisps.name,Music Disc,流浪精灵唱片,音乐唱片
844,item.thebetweenlands.waterlogged.name,Music Disc,进水的唱片,音乐唱片
845,item.thebetweenlands.water_weeds_item.name,Water Weeds,水草的叶子,水草
849,item.thebetweenlands.weedwood_rowboat.name,Weedwood Rowboat,杂草木船,杂草木划船
850,item.thebetweenlands.weedwood_rowboat.tarred.name,Tarred Weedwood Rowboat,涂油的杂草木船,涂油杂草木划船
854,item.thebetweenlands.weedwood_stick.name,Weedwood Stick,杂草木棍,杂草木木棍
856,item.thebetweenlands.weeping_blue_petal.name,Weeping Blue Petal,哭泣蓝花瓣,哭泣蓝花花瓣
857,item.thebetweenlands.wight_heart.name,Wight's Heart,鬼魂之心,阴魂之心
858,item.thebetweenlands.yellow_dotted_fungus.name,Yellow Dotted Fungus,黄点蘑菇,黄点菌
859,item.thebetweenlands.weedwood_door_item.name,Weedwood Door,杂草木门,杂草木木板门
860,item.thebetweenlands.syrmorite_door_item.name,Syrmorite Door,赛摩铜门,赛摩门
861,item.thebetweenlands.rubber_tree_plank_door_item.name,Rubber Tree Plank Door,橡胶木门,橡胶树木板门
863,item.thebetweenlands.hearthgrove_plank_door_item.name,Hearthgrove Plank Door,火树木门,炉树木板门
864,item.thebetweenlands.nibbletwig_plank_door_item.name,Nibbletwig Plank Door,奇趣枝木门,奇趣枝木板门
865,item.thebetweenlands.scabyst_door_item.name,Scabyst Door,痂壳晶门,痂晶门
874,item.thebetweenlands.lore_scrap.them.name,Lurking Shadows,知识碎片 - 它们来了,知识碎片 - 闪烁的鬼影
877,item.thebetweenlands.lore_scrap.ruins.name,Explorer's Entries: Marsh Ruins,知识碎片 - 探险家笔记之沼泽遗迹,知识碎片 - 探险家笔记之湿地废墟
878,item.thebetweenlands.lore_scrap.heads.name,Explorer's Entries: Idol Heads,知识碎片 - 探险家笔记之神秘塑像,知识碎片 - 探险家笔记之巨型头雕
880,item.thebetweenlands.lore_scrap.dungeon.name,Explorer's Entries: Dungeon Shrine,知识碎片 - 探险家笔记之地牢神庙,知识碎片 - 探险家笔记之地牢神坛
881,item.thebetweenlands.lore_scrap.pitstone.name,Explorer's Entries: Underground Ruins,知识碎片 - 探险家笔记之地底遗迹,知识碎片 - 探险家笔记之地底废墟
883,item.thebetweenlands.lore_scrap.fort.name,Explorer's Entries: The Fortress,知识碎片 - 探险家笔记之鬼魂城堡,知识碎片 - 探险家笔记之阴魂要塞
884,item.thebetweenlands.angry_pebble.name,Angry Pebble,愤怒的卵石,愤怒卵石
885,item.thebetweenlands.inanimate_angry_pebble.name,Inanimate Angry Pebble,卵石,未活化的愤怒卵石
886,item.thebetweenlands.ancient_remnant.name,Ancient Remnant,远古余烬,远古遗碎
908,item.thebetweenlands.chiromaw_egg.name,Chiromaw Hatchling,翼手怪的卵,翼手怪雏卵
909,item.thebetweenlands.chiromaw_egg_lightning.name,Lightning Chiromaw Hatchling,闪电翼手怪的卵,闪电翼手怪雏卵
910,item.thebetweenlands.net.name,Net,网,捕网
915,item.thebetweenlands.crimson_middle_gem.name,Crimson Middle Gem,猩红元素宝石,绯红元素宝石
916,item.thebetweenlands.skull_mask.name,Skull Mask,骷髅面具,骷髅面罩
917,item.thebetweenlands.spirit_tree_face_large_mask.name,Large Spirit Tree Face Mask,大型灵树面罩,大型灵魂树面具
918,item.thebetweenlands.spirit_tree_face_small_mask.name,Small Spirit Tree Face Mask,小型灵树面罩,小型灵魂树面具
919,item.thebetweenlands.spirit_tree_face_small_mask_animated.name,Small Animated Spirit Tree Face Mask,激活的小型灵树面罩,活化的小型灵魂树面具
920,item.thebetweenlands.bl_bucket_syrmorite.name,Syrmorite Bucket,赛摩铜桶,赛摩桶
922,item.thebetweenlands.bl_bucket_syrmorite.filled.name,Syrmorite Bucket (%s),赛摩铜%s桶,赛摩%s桶
924,item.thebetweenlands.bl_bucket_infusion.weedwood.name,Weedwood Infusion Bucket,杂草木药水桶,杂草木药剂桶
925,item.thebetweenlands.bl_bucket_infusion.syrmorite.name,Syrmorite Infusion Bucket,赛摩铜药水桶,赛摩药剂桶
926,item.thebetweenlands.syrmorite_shears.name,Syrmorite Shears,赛摩铜剪刀,赛摩剪刀
928,item.thebetweenlands.shockwave_sword.name,Shockwave Sword,冲击波剑,震波剑
931,item.thebetweenlands.octine_arrow.name,Octine Arrow,炽炎铁箭,炽金箭
932,item.thebetweenlands.basilisk_arrow.name,Basilisk Arrow,蜥毒箭,石痪箭
933,item.thebetweenlands.sludge_worm_arrow.name,Sludge Worm Arrow,烂泥蠕虫箭,污泥蠕虫箭
934,item.thebetweenlands.shock_arrow.name,Shock Arrow,雷击之矢,雷震箭
937,item.thebetweenlands.wights_bane.name,Wight's Bane,鬼魂杀手,阴魂之克星
938,item.thebetweenlands.sludge_slicer.name,Sludge Slicer,污泥长矛,污泥收割者
939,item.thebetweenlands.critter_cruncher.name,Critter Cruncher,爬虫杀手,爬虫打击者
940,item.thebetweenlands.hag_hacker.name,Hag Hacker,沼泽怪杀手,巫尸狩猎者
952,item.thebetweenlands.bl_bucket_plant_tonic_syrmorite.name,Plant Tonic,铜桶装植物营养剂,赛摩营养液桶
953,item.thebetweenlands.bl_bucket_plant_tonic_weedwood.name,Plant Tonic,木桶装植物营养剂,杂草木营养液桶
954,item.thebetweenlands.syrmorite_bucket_solid_rubber.name,Syrmorite Bucket with Solid Rubber,固态橡胶桶,赛摩固态橡胶桶
958,item.thebetweenlands.dentrothyst_shield_green_polished.name,Green Polished Dentrothyst Shield,绿色抛光木晶盾牌,绿色磨制木晶盾牌
959,item.thebetweenlands.dentrothyst_shield_orange_polished.name,Orange Polished Dentrothyst Shield,橙色抛光木晶盾牌,橙色磨制木晶盾牌
967,item.thebetweenlands.mire_snail_egg_cooked.name,Cooked Mire Snail Egg,煮熟的泥潭蜗牛蛋,熟泥潭蜗牛蛋
971,item.thebetweenlands.sap_spit.name,Sap Spit,凝胶液,灵魂树涎
977,item.thebetweenlands.bark_amulet.name,Bark Amulet,树皮护身符,树皮护符
979,item.thebetweenlands.ancient_greatsword.name,Ancient Greatsword,上古巨剑,远古巨剑
980,item.thebetweenlands.ancient_battle_axe.name,Ancient Battle Axe,上古战斧,远古战斧
985,item.thebetweenlands.undying_ember.name,Undying Embers,不死余烬,不熄余烬
986,item.thebetweenlands.sludge_worm_egg_sac.name,Sludge Worm Egg Sac,烂泥蠕虫蛋囊,污泥蠕虫蛋囊
990,item.thebetweenlands.gallery_frame_very_large.name,Very Large Gallery Frame,超大画框,巨型画框
992,item.thebetweenlands.lurker_skin_patch.name,Lurker Skin Patch,小片潜尾鳄皮,鳄皮补丁
998,item.thebetweenlands.draeton_upgrade_crafting.name,Draeton Crafting Upgrade,飞艇合成升级,飞艇工作台升级
1002,item.thebetweenlands.ancient_boots.name,Ancient Boots,古代靴子,远古靴子
1003,item.thebetweenlands.ancient_chestplate.name,Ancient Chestplate,古代胸甲,远古胸甲
1004,item.thebetweenlands.ancient_helmet.name,Ancient Helmet,古代头盔,远古头盔
1005,item.thebetweenlands.ancient_leggings.name,Ancient Leggings,古代护腿,远古护腿
1096,item.thebetweenlands.elixir.dentrothyst_vial.dirty.name,Dirty Dentrothyst Vial,变脏的木晶药瓶,脏污木晶药瓶
1644,entity.thebetweenlands.sludge.name,Sludge,烂泥怪,污泥怪
1645,entity.thebetweenlands.smoll_sludge.name,Smol Sludge,迷你烂泥怪,迷你污泥怪
1646,entity.thebetweenlands.swamp_hag.name,Swamp Hag,沼泽怪,沼泽巫尸
1647,entity.thebetweenlands.tar_beast.name,Tar Beast,焦油怪,焦油兽
1651,entity.thebetweenlands.sporeling.name,Sporeling,蘑菇精灵,蘑菇孢灵
1654,entity.thebetweenlands.blood_snail.name,Blood Snail,血腥蜗牛,绯血蜗牛
1655,entity.thebetweenlands.snail_poison_jet.name,Blood Snail Poison Jet,血蜗牛的毒液,绯血毒液
1657,entity.thebetweenlands.mire_snail_egg.name,Mire Snail Egg,泥潭蜗牛的蛋,泥潭蜗牛蛋
1663,entity.thebetweenlands.toad.name,Harlequin Toad,五彩蟾蜍,多彩蟾蜍
1664,entity.thebetweenlands.melee_guardian.name,Temple Guardian,神庙卫士,神庙守卫者
1665,entity.thebetweenlands.berserker_guardian.name,Temple Guardian,神庙狂战士,神庙守卫者
1671,entity.thebetweenlands.dreadful_mummy.name,Dreadful Peat Mummy,恐怖的泥炭木乃伊,恐虐泥炭木乃伊
1672,entity.thebetweenlands.sword_energy.name,Shockwave Sword Energy Ball,冲击波剑能量球,震波剑能量球
1677,entity.thebetweenlands.fortress_boss_spawner.name,Primordial Malevolence Spawner,原始恶意召唤器,原始恶意刷怪箱
1682,entity.thebetweenlands.shockwave_block.name,Shockwave Block,冲击波方块,震波方块
1687,entity.thebetweenlands.boulder_sprite.name,Boulder Sprite,巨石怪,巨石精灵
1688,entity.thebetweenlands.sludge_ball.name,Sludge Ball,泥浆球,污泥球
1692,entity.thebetweenlands.sap_spit.name,Sap Spit,凝胶液,灵魂树涎
1693,entity.thebetweenlands.spike_wave.name,Root Wave,根须冲击波,根须震波
1695,entity.thebetweenlands.spirit_tree_face_mask.name,Spirit Tree Face Mask,灵树面罩,灵魂树面具
1697,entity.thebetweenlands.greebling.name,Greebling,地精矮人,哥布灵
1699,entity.thebetweenlands.crypt_crawler.name,Crypt Crawler,地穴蠕行者,地穴伏行者
1700,entity.thebetweenlands.large_sludge_worm.name,Large Sludge Worm,大型烂泥蠕虫,大型污泥蠕虫
1701,entity.thebetweenlands.small_sludge_worm.name,Small Sludge Worm,小型烂泥蠕虫,小型污泥蠕虫
1702,entity.thebetweenlands.tiny_sludge_worm.name,Tiny Sludge Worm,微型烂泥蠕虫,微型污泥蠕虫
1703,entity.thebetweenlands.tiny_sludge_worm_helper.name,Tiny Sludge Worm Helper,微型随从烂泥蠕虫,微型随从污泥蠕虫
1704,entity.thebetweenlands.tiny_worm_egg_sac.name,Sludge Worm Egg Sac,烂泥蠕虫蛋囊,污泥蠕虫蛋囊
1705,entity.thebetweenlands.moving_spawner_hole.name,Worm Hole,移动的刷怪洞,蠕虫洞
1707,entity.thebetweenlands.wall_lamprey.name,Lamprey,七鳃鳗,岩吸鳗
1709,entity.thebetweenlands.ash_sprite.name,Ash Sprite,灰烬之魂,灰烬精灵
1710,entity.thebetweenlands.emberling_shaman.name,Emberling Shaman,余烬萨满,烬火萨满
1711,entity.thebetweenlands.emberling.name,Emberling,余烬精灵,烬火鲵
1712,entity.thebetweenlands.wild_emberling.name,Emberling,余烬,烬火鲵
1714,entity.thebetweenlands.barrishee.name,Barrishee,喷火魔兽,壁窟魔怪
1715,entity.thebetweenlands.sludge_jet.name,Sludge Jet,烂泥喷射器,污泥喷流
1717,entity.thebetweenlands.triggered_sludge_wall_jet.name,Sludge Jet Turret,烂泥喷射炮塔,污泥喷射炮塔
1718,entity.thebetweenlands.sludge_wall_jet.name,Sludge Jet,烂泥喷射器,污泥喷流
1721,entity.thebetweenlands.cc_ground_spawner.name,Crypt Crawler Tunnel Entrance,地穴蠕行者隧道口,地穴伏行者隧道口
1728,entity.thebetweenlands.gallery_frame_very_large.name,Very Large Gallery Frame,超大画框,巨型画框
1729,entity.thebetweenlands.chiromaw_greebling_rider.name,Greebling Rider,地精翼手怪骑士,哥布灵骑手
1730,entity.thebetweenlands.greebling_volarpad_floater.name,Greebling Volarpad Floater,伞莲飘降地精,伞降哥布灵
1731,entity.thebetweenlands.betweenstone_pebble.name,Betweenstone Pebble,交错石子,交错卵石
1734,entity.thebetweenlands.chiromaw_hatchling.name,Chiromaw Hatchling,翼手怪的卵,翼手怪雏卵
1735,entity.thebetweenlands.chiromaw_hatchling_lightning.name,Lightning Chiromaw Hatchling,闪电翼手怪的卵,闪电翼手怪雏卵
1738,entity.thebetweenlands.greebling_corpse.name,Greebling Corpse,地精尸体,哥布灵尸体
1747,entity.thebetweenlands.swarm.name,Infestation,虫群,蚀虫
1579,bl.elixir.petrify,Petrify,麻痹药水,麻痹药剂
1580,bl.elixir.strength,Elixir of Strength,力量增强之酿,力量酏剂
1581,bl.elixir.nimblefeet,Nimblefeet Elixir,身手敏捷之酿,迅行酏剂
1582,bl.elixir.healing,Elixir of Healing,治疗之酿,治疗酏剂
1583,bl.elixir.ripening,Elixir of Ripening,熟化之酿,熟化酏剂
1584,bl.elixir.toughskin,Toughskin Elixir,皮肤硬化之酿,硬肤酏剂
1585,bl.elixir.feasting,Elixir of Feasting,饱腹之酿,盛宴酏剂
1586,bl.elixir.huntersSense,Hunter's Sense Brew,猎人之酿,猎感酿剂
1587,bl.elixir.masking,Masking Brew,掩蔽药水,掩蔽酿剂
1588,bl.elixir.swiftarm,Swiftarm Brew,迅捷之手药水,快手酿剂
1589,bl.elixir.catsEyes,Brew of the Cat's Eye,夜猫之眼药水,猫眼酿剂
1590,bl.elixir.sagittarius,Draught of Sagittarius,精准射手之酿,射手酌剂
1591,bl.elixir.spiderbreed,Spiderbreed Draught,蜘蛛药水,蜘蛛酌剂
1592,bl.elixir.lightweight,Lightweight Draught,轻功药水,轻功酌剂
1593,bl.elixir.unclouded,Draught of the Unclouded,开眼药水,消雾酌剂
1594,bl.elixir.gillsgrowth,Shapeshifter's draught of Gillsgrowth,鱼类变形药剂,鱼鳃变形酌剂
1595,bl.elixir.wings,Shapeshifter's draught of Wings,蜻蜓变形药剂,蜻翅变形酌剂
1596,bl.elixir.huntersSenseMaster,Hunter's Sense Masterbrew,狩猎大师之酿,猎感大师酿剂
1597,bl.elixir.weakness,Elixir of Weakness,机能虚弱之药,虚弱酏剂
1598,bl.elixir.lumbering,Lumbering Elixir,行走疲劳之药,疲走酏剂
1599,bl.elixir.draining,Elixir of Draining,生命凋零之药,凋萎酏剂
1600,bl.elixir.decay,Elixir of Decay,机体残蚀之药,残蚀酏剂
1601,bl.elixir.poisonsting,Poisonsting Elixir,剧毒之药,剧毒酏剂
1602,bl.elixir.starvation,Elixir of Starvation,饥饿之药,饥饿酏剂
1603,bl.elixir.drunkard,Drunkard's Brew,醉鬼之酒,醉鬼酿剂
1604,bl.elixir.stenching,Stenching Brew,恶臭药水,恶臭酿剂
1605,bl.elixir.slugarm,Slugarm Brew,臂力削弱药水,拙臂酿剂
1606,bl.elixir.blindman,Blindman's Brew,致盲药剂,致盲酿剂
1607,bl.elixir.weakbow,Weakbow Draught,无力之弓药水,弱弓酌剂
1608,bl.elixir.basilisk,Basilisk Draught,蜥毒毒剂,石痪酌剂
1609,bl.elixir.heavyweight,Heavyweight Draught,超重之药,超重酌剂
1610,bl.elixir.foggedMind,Draught of the Fogged Mind,意识混沌之药,遮心酌剂
1611,bl.elixir.deformed,Shapeshifter's draught of the Deformed,形体无序之药,畸形变形酌剂
1612,bl.elixir.limbless,Shapeshifter's draught of the Limbless,四肢截断之药,断肢变形酌剂
1613,bl.elixir.isolatedSenses,Masterbrew of Isolated Senses,感官隔绝之药,失觉酿剂

